{
  "results": [
    {
      "command": "ruby factorial.ru",
      "mean": 0.06253038009142857,
      "stddev": 0.004845791285669013,
      "median": 0.06125377702000001,
      "user": 0.05007762476190476,
      "system": 0.012043574285714283,
      "min": 0.05722920502000001,
      "max": 0.08028635702,
      "times": [
        0.07029205002,
        0.06898163802,
        0.06186784102,
        0.06758371602,
        0.07694474902,
        0.06365963202,
        0.06219832002000001,
        0.06270234902,
        0.06255139202,
        0.06191673402000001,
        0.06141416702000001,
        0.06530859802,
        0.060328152020000005,
        0.05828348102000001,
        0.05722920502000001,
        0.05990223102000001,
        0.057811433020000004,
        0.05884181302000001,
        0.05980228002000001,
        0.05990038802000001,
        0.059135823020000006,
        0.05842709502000001,
        0.060201239020000005,
        0.058895475020000004,
        0.06103022702000001,
        0.06109338702000001,
        0.05850554402000001,
        0.060998487020000006,
        0.05829876902000001,
        0.06034166702,
        0.06550418002,
        0.06299198002,
        0.06730880402,
        0.05748926002000001,
        0.06208248902000001,
        0.06254791602,
        0.05907840402000001,
        0.06197447402000001,
        0.08028635702,
        0.06754906102,
        0.060848520020000005,
        0.06416663602
      ],
      "exit_codes": [
        0,
        0,
        0,
        0,
        0,
        0,
        0,
        0,
        0,
        0,
        0,
        0,
        0,
        0,
        0,
        0,
        0,
        0,
        0,
        0,
        0,
        0,
        0,
        0,
        0,
        0,
        0,
        0,
        0,
        0,
        0,
        0,
        0,
        0,
        0,
        0,
        0,
        0,
        0,
        0,
        0,
        0
      ]
    },
    {
      "command": "ruby fibonacci.ru",
      "mean": 0.09348894774727272,
      "stddev": 0.0050246010306950455,
      "median": 0.09247676302,
      "user": 0.0800748109090909,
      "system": 0.012637875151515151,
      "min": 0.08640297602000001,
      "max": 0.11056824802000001,
      "times": [
        0.08801003502,
        0.09566210502,
        0.10135409602,
        0.09722486902000001,
        0.09205697502,
        0.08900969602,
        0.09503399102,
        0.09137286402,
        0.09201362102,
        0.09095465802,
        0.08818041802,
        0.09407174902,
        0.11056824802000001,
        0.09049768802000001,
        0.08967791802,
        0.08640297602000001,
        0.08799891402,
        0.09563282902,
        0.09243494402,
        0.09338004302,
        0.08957316802,
        0.10150823002,
        0.09392487002,
        0.09379966202000001,
        0.09247676302,
        0.09158239202,
        0.09251182202,
        0.09389967102,
        0.09021855802,
        0.09352701202000001,
        0.10487342102,
        0.09410747602,
        0.09159359302
      ],
      "exit_codes": [
        0,
        0,
        0,
        0,
        0,
        0,
        0,
        0,
        0,
        0,
        0,
        0,
        0,
        0,
        0,
        0,
        0,
        0,
        0,
        0,
        0,
        0,
        0,
        0,
        0,
        0,
        0,
        0,
        0,
        0,
        0,
        0,
        0
      ]
    },
    {
      "command": "ruby leibniz.ru",
      "mean": 0.10637661463538461,
      "stddev": 0.00869923276333857,
      "median": 0.10890826952,
      "user": 0.08959910461538462,
      "system": 0.01527393692307692,
      "min": 0.09113941902,
      "max": 0.12217063602,
      "times": [
        0.11188039502000001,
        0.11488436102,
        0.11789415902,
        0.11570923102,
        0.10899190902,
        0.11371574802000001,
        0.11243406902,
        0.10519911302,
        0.10176992702,
        0.11367026002,
        0.10146291202,
        0.11195045802,
        0.11120143302,
        0.09657904802,
        0.09389164602,
        0.09811080402,
        0.11049429802,
        0.09792397802,
        0.12217063602,
        0.10882463002000001,
        0.10407469102,
        0.09158856302,
        0.09113941902,
        0.11343729802000001,
        0.10158927302,
        0.09520372102
      ],
      "exit_codes": [
        0,
        0,
        0,
        0,
        0,
        0,
        0,
        0,
        0,
        0,
        0,
        0,
        0,
        0,
        0,
        0,
        0,
        0,
        0,
        0,
        0,
        0,
        0,
        0,
        0,
        0
      ]
    }
  ]
}
