{
  "results": [
    {
      "command": "node factorial.js",
      "mean": 0.11205698558833334,
      "stddev": 0.005890584898747169,
      "median": 0.11196270438,
      "user": 0.09819392500000002,
      "system": 0.015262419999999999,
      "min": 0.10156902538,
      "max": 0.12214491338,
      "times": [
        0.12214491338,
        0.11951439838,
        0.11579137438,
        0.12006253038,
        0.11503867138,
        0.11542412538,
        0.10916533638,
        0.11146190738,
        0.11558434938,
        0.10590495338,
        0.10270564738,
        0.10421894538,
        0.10614387838,
        0.10958006738,
        0.11492100838000001,
        0.11218574338000001,
        0.11935726738,
        0.10739680138,
        0.11720127738,
        0.11750304038,
        0.10156902538,
        0.11173966538,
        0.10767532238000001,
        0.10707740438
      ],
      "exit_codes": [
        0,
        0,
        0,
        0,
        0,
        0,
        0,
        0,
        0,
        0,
        0,
        0,
        0,
        0,
        0,
        0,
        0,
        0,
        0,
        0,
        0,
        0,
        0,
        0
      ]
    },
    {
      "command": "node fibonacci.js",
      "mean": 0.10617925669034484,
      "stddev": 0.008526480654612879,
      "median": 0.10545408538,
      "user": 0.09452004137931035,
      "system": 0.013625006206896552,
      "min": 0.09518602938,
      "max": 0.14051640538000001,
      "times": [
        0.10236022038,
        0.10006682638,
        0.09794852638,
        0.09929153138,
        0.09710191538,
        0.10545408538,
        0.10819087338,
        0.10914425738,
        0.10894094938,
        0.10914253338,
        0.11178819638,
        0.10688185138,
        0.11539893738,
        0.10125288238,
        0.09518602938,
        0.10535983738,
        0.10641448338000001,
        0.10745166638,
        0.10550639538,
        0.11784109238,
        0.10497384138,
        0.10006376038,
        0.10868103638,
        0.10496234138,
        0.09674709038,
        0.10528779938,
        0.14051640538000001,
        0.09994918238,
        0.10729389638
      ],
      "exit_codes": [
        0,
        0,
        0,
        0,
        0,
        0,
        0,
        0,
        0,
        0,
        0,
        0,
        0,
        0,
        0,
        0,
        0,
        0,
        0,
        0,
        0,
        0,
        0,
        0,
        0,
        0,
        0,
        0,
        0
      ]
    },
    {
      "command": "node leibniz.js",
      "mean": 0.10954513941571432,
      "stddev": 0.009197321771043751,
      "median": 0.10692129688,
      "user": 0.09608090714285712,
      "system": 0.014332762142857143,
      "min": 0.09454870638,
      "max": 0.13143966638000001,
      "times": [
        0.10352156838,
        0.11282353738,
        0.12668918738,
        0.11344586138,
        0.12257610238,
        0.13143966638000001,
        0.10092681238,
        0.10232248738000001,
        0.11140661138,
        0.11468881438,
        0.10146115938,
        0.10989794138,
        0.12170607738,
        0.11579279638000001,
        0.10524033038,
        0.09958969738,
        0.10328088138,
        0.11967336938,
        0.10480557238,
        0.10296689338000001,
        0.10776099438,
        0.10608159938,
        0.09454870638,
        0.12042587138000001,
        0.10007873838,
        0.10885742138,
        0.10307061038,
        0.10218459438000001
      ],
      "exit_codes": [
        0,
        0,
        0,
        0,
        0,
        0,
        0,
        0,
        0,
        0,
        0,
        0,
        0,
        0,
        0,
        0,
        0,
        0,
        0,
        0,
        0,
        0,
        0,
        0,
        0,
        0,
        0,
        0
      ]
    }
  ]
}
