{
  "results": [
    {
      "command": "java factorial",
      "mean": 0.03751302157473685,
      "stddev": 0.0024902263658378022,
      "median": 0.03684147268,
      "user": 0.020430497368421053,
      "system": 0.014893122105263156,
      "min": 0.03387208768,
      "max": 0.051980189680000004,
      "times": [
        0.03801584168,
        0.03772695068,
        0.03542561368,
        0.03651010668,
        0.040751526680000004,
        0.03743459568,
        0.03741440668,
        0.038327192680000004,
        0.051980189680000004,
        0.03905096068,
        0.03627554968,
        0.03557740168,
        0.03506557868,
        0.03627182368,
        0.03656657468,
        0.03944859668,
        0.04123202068,
        0.04022648768,
        0.03561163668,
        0.038749796680000004,
        0.03801654268,
        0.03950127868,
        0.03556686268,
        0.03913146368,
        0.04263141168,
        0.036689046680000004,
        0.03548807268,
        0.038443213680000005,
        0.03800660368,
        0.03535000968,
        0.03574441868,
        0.03451674368,
        0.03639283368,
        0.036702122680000004,
        0.03925011068,
        0.03688440968,
        0.03657472968,
        0.03515536768,
        0.03638740268,
        0.03387208768,
        0.04072133968,
        0.03844731068,
        0.03565279568,
        0.036187463680000004,
        0.03648391668,
        0.03679853568,
        0.03662731968,
        0.03589574768,
        0.04010807168,
        0.03648850468,
        0.03530456268,
        0.03482523068,
        0.03811884768,
        0.035831695680000004,
        0.03727647468,
        0.03541862968,
        0.03887943368,
        0.03737401968,
        0.03667478968,
        0.037165542680000004,
        0.03553704468,
        0.03858677768,
        0.04014562368,
        0.03976518968,
        0.04085891168,
        0.03692889268,
        0.03949175968,
        0.037945717680000005,
        0.03582231868,
        0.03717034268,
        0.04012556468,
        0.037271874680000004,
        0.035221895680000004,
        0.03632101668,
        0.03607431668,
        0.03547457568
      ],
      "exit_codes": [
        0,
        0,
        0,
        0,
        0,
        0,
        0,
        0,
        0,
        0,
        0,
        0,
        0,
        0,
        0,
        0,
        0,
        0,
        0,
        0,
        0,
        0,
        0,
        0,
        0,
        0,
        0,
        0,
        0,
        0,
        0,
        0,
        0,
        0,
        0,
        0,
        0,
        0,
        0,
        0,
        0,
        0,
        0,
        0,
        0,
        0,
        0,
        0,
        0,
        0,
        0,
        0,
        0,
        0,
        0,
        0,
        0,
        0,
        0,
        0,
        0,
        0,
        0,
        0,
        0,
        0,
        0,
        0,
        0,
        0,
        0,
        0,
        0,
        0,
        0,
        0
      ]
    },
    {
      "command": "java fibonacci",
      "mean": 0.05082519389212121,
      "stddev": 0.005006787260894308,
      "median": 0.04945938868,
      "user": 0.030136709090909077,
      "system": 0.019022507272727265,
      "min": 0.04422281068,
      "max": 0.07061516368000001,
      "times": [
        0.044238890680000004,
        0.05081489168,
        0.04626059768,
        0.04957237868,
        0.04934639868,
        0.046493361680000005,
        0.048811720680000004,
        0.04602266368,
        0.04422281068,
        0.044579088680000004,
        0.051288613680000004,
        0.04825773668,
        0.04651537168,
        0.048860615680000004,
        0.04795325768,
        0.04766822568,
        0.07061516368000001,
        0.06686620168,
        0.044766535680000004,
        0.05642852268,
        0.048103323680000004,
        0.04787744368,
        0.05916089068,
        0.06099183568,
        0.05003045968,
        0.05260674068,
        0.04888601268,
        0.053805070680000004,
        0.05875599068,
        0.05135792468,
        0.04770664768,
        0.05112275768,
        0.04643680268,
        0.05665857968,
        0.05012537968,
        0.05367186768,
        0.048129542680000005,
        0.048374008680000004,
        0.051927629680000004,
        0.052605979680000005,
        0.054624981680000004,
        0.052892193680000005,
        0.055068214680000005,
        0.051661292680000005,
        0.05726988268,
        0.04559890768,
        0.05527759168,
        0.046800192680000005,
        0.04783444168,
        0.049053731680000004,
        0.048304626680000004,
        0.04858379768,
        0.04522190068,
        0.046901425680000004,
        0.04901059968,
        0.051394434680000003,
        0.04692594368,
        0.05720680268,
        0.05076457668,
        0.046893080680000004,
        0.052637249680000005,
        0.05333083768,
        0.05265034468,
        0.05151332068,
        0.04777226368,
        0.05135222468
      ],
      "exit_codes": [
        0,
        0,
        0,
        0,
        0,
        0,
        0,
        0,
        0,
        0,
        0,
        0,
        0,
        0,
        0,
        0,
        0,
        0,
        0,
        0,
        0,
        0,
        0,
        0,
        0,
        0,
        0,
        0,
        0,
        0,
        0,
        0,
        0,
        0,
        0,
        0,
        0,
        0,
        0,
        0,
        0,
        0,
        0,
        0,
        0,
        0,
        0,
        0,
        0,
        0,
        0,
        0,
        0,
        0,
        0,
        0,
        0,
        0,
        0,
        0,
        0,
        0,
        0,
        0,
        0,
        0
      ]
    },
    {
      "command": "java leibniz",
      "mean": 0.047535756237377054,
      "stddev": 0.007377477186045812,
      "median": 0.04596464268,
      "user": 0.026901054098360664,
      "system": 0.01710596032786885,
      "min": 0.03810379768,
      "max": 0.07728331068000001,
      "times": [
        0.04763770668,
        0.05033445868,
        0.051143826680000004,
        0.05145210568,
        0.061747352680000006,
        0.04690223768,
        0.04495755768,
        0.04842546568,
        0.04872980568,
        0.04823575568,
        0.046405472680000004,
        0.04714858668,
        0.04918778568,
        0.045011301680000004,
        0.05086802268,
        0.050392428680000004,
        0.047019371680000005,
        0.04387174268,
        0.049089048680000004,
        0.04596464268,
        0.07728331068000001,
        0.05356951368,
        0.05085368568,
        0.050559466680000005,
        0.05246055368,
        0.052208714680000004,
        0.05336546468,
        0.046236440680000004,
        0.04190266668,
        0.045259602680000004,
        0.04531922568,
        0.044914828680000005,
        0.06742826068,
        0.07366412368,
        0.055291178680000004,
        0.047569757680000005,
        0.04578357868,
        0.04424906968,
        0.04980500168,
        0.03810379768,
        0.04179518268,
        0.040585039680000004,
        0.04284624168,
        0.04426151368,
        0.04452692968,
        0.04034857968,
        0.03895052068,
        0.04022066568,
        0.04148646368,
        0.045639955680000004,
        0.046925773680000005,
        0.04149580268,
        0.04233259368,
        0.04052841168,
        0.04305615068,
        0.04474224868,
        0.04094228868,
        0.041146657680000004,
        0.04029379568,
        0.04329752968,
        0.04390586568
      ],