{
  "results": [
    {
      "command": "python factorial.py",
      "mean": 0.040882077019420295,
      "stddev": 0.0029938240482616507,
      "median": 0.04020249486,
      "user": 0.021772115072463766,
      "system": 0.018428703768115944,
      "min": 0.03667907286,
      "max": 0.05428098186,
      "times": [
        0.04205749586,
        0.04145231386,
        0.04244532386,
        0.03777358386,
        0.03927164386,
        0.03933829186,
        0.04031738486,
        0.04026887186,
        0.03840187986,
        0.03820503486,
        0.04463923686,
        0.05190020286,
        0.05428098186,
        0.04112188486,
        0.04204633386,
        0.04413445586,
        0.04161924086,
        0.039100438859999996,
        0.03975017486,
        0.04192801886,
        0.04012212286,
        0.04307564386,
        0.03930110086,
        0.040476917859999996,
        0.03913072586,
        0.03938377786,
        0.04137814186,
        0.04425250086,
        0.03763631286,
        0.03874238786,
        0.03950063086,
        0.03765878586,
        0.04165158286,
        0.04491233586,
        0.04013034986,
        0.03933203986,
        0.04020249486,
        0.03699248786,
        0.03982997786,
        0.04518318186,
        0.04192519286,
        0.04557407586,
        0.04128228086,
        0.04463329586,
        0.04004188986,
        0.03962304386,
        0.04137163986,
        0.041492620859999996,
        0.03775671186,
        0.044249044859999996,
        0.03814793686,
        0.03979382786,
        0.03984476486,
        0.03945635586,
        0.04078614686,
        0.04163819786,
        0.03667907286,
        0.041204231859999996,
        0.03815822586,
        0.04082145386,
        0.03940227286,
        0.03948462086,
        0.03760096686,
        0.04291433486,
        0.03961002986,
        0.04072937786,
        0.03730712686,
        0.03899471686,
        0.04139356186
      ],
      "exit_codes": [
        0,
        0,
        0,
        0,
        0,
        0,
        0,
        0,
        0,
        0,
        0,
        0,
        0,
        0,
        0,
        0,
        0,
        0,
        0,
        0,
        0,
        0,
        0,
        0,
        0,
        0,
        0,
        0,
        0,
        0,
        0,
        0,
        0,
        0,
        0,
        0,
        0,
        0,
        0,
        0,
        0,
        0,
        0,
        0,
        0,
        0,
        0,
        0,
        0,
        0,
        0,
        0,
        0,
        0,
        0,
        0,
        0,
        0,
        0,
        0,
        0,
        0,
        0,
        0,
        0,
        0,
        0,
        0,
        0
      ]
    },
    {
      "command": "python  fibonacci.py",
      "mean": 0.07283613534780486,
      "stddev": 0.017496314273884556,
      "median": 0.06872687786000001,
      "user": 0.04796828439024391,
      "system": 0.020101727804878046,
      "min": 0.06355757186000001,
      "max": 0.17234551886,
      "times": [
        0.07148581686000001,
        0.07057900086,
        0.06853613486000001,
        0.06923919186000001,
        0.06719931086000001,
        0.06622275386000001,
        0.06628249686000001,
        0.06934187786000001,
        0.06872687786000001,
        0.06355757186000001,
        0.06484895986000001,
        0.06908504986000001,
        0.08071113886,
        0.08557413286000001,
        0.17234551886,
        0.10348358786,
        0.07179317186,
        0.06516490086000001,
        0.07885286386000001,
        0.06673534786,
        0.06651765486000001,
        0.08484378386000001,
        0.07061599286,
        0.07047444386000001,
        0.06834321786000001,
        0.07311485586000001,
        0.06923986386000001,
        0.07130915086,
        0.06855787686,
        0.06773637386,
        0.06913735886000001,
        0.06569552986,
        0.06520095986,
        0.06913111686000001,
        0.06591231286,
        0.06375401686000001,
        0.06878738286000001,
        0.06833005186,
        0.06682782386000001,
        0.06574080586,
        0.06724526886000001
      ],
      "exit_codes": [
        0,
        0,
        0,
        0,
        0,
        0,
        0,
        0,
        0,
        0,
        0,
        0,
        0,
        0,
        0,
        0,
        0,
        0,
        0,
        0,
        0,
        0,
        0,
        0,
        0,
        0,
        0,
        0,
        0,
        0,
        0,
        0,
        0,
        0,
        0,
        0,
        0,
        0,
        0,
        0,
        0
      ]
    },
    {
      "command": "python leibniz.py",
      "mean": 0.045806855479718314,
      "stddev": 0.003779324744920373,
      "median": 0.04487194086,
      "user": 0.026186879718309856,
      "system": 0.018869592112676054,
      "min": 0.04010896786,
      "max": 0.06085883686,
      "times": [
        0.04128571686,
        0.04010896786,
        0.04025971486,
        0.04246038186,
        0.04441950886,
        0.04410779586,
        0.04377042286,
        0.04535616086,
        0.04544347786,
        0.04337947986,
        0.05043409386,
        0.04297329786,
        0.04765391386,
        0.043578378859999996,
        0.04165858586,
        0.04249731286,
        0.04431317586,
        0.04674945186,
        0.04366945086,
        0.04484131186,
        0.04526782286,
        0.04599955586,
        0.04512948986,
        0.04454029886,
        0.04190960386,
        0.04679524986,
        0.04479917186,
        0.04487194086,
        0.04874983786,
        0.04484192286,
        0.04251048786,
        0.04405297186,
        0.045755690859999996,
        0.04570905286,
        0.04562146586,
        0.04870441286,
        0.04128143886,
        0.043136658859999996,
        0.04567040786,
        0.04975572286,
        0.04441819786,
        0.05002695886,
        0.04458850986,
        0.04440867886,
        0.04324681786,
        0.04177355486,
        0.04343694986,
        0.04439889086,
        0.04413826386,
        0.04528151986,
        0.04512145486,
        0.04396104686,
        0.05208203886,
        0.05306589986,
        0.04348000186,
        0.04472134386,
        0.04481766586,
        0.046386611859999996,
        0.04565927786,
        0.04874471786,
        0.05729737086,
        0.047490612859999996,
        0.04549099886,
        0.04711731186,
        0.06085883686,
        0.05838851786,
        0.04548601786,
        0.04794151986,
        0.04615911886,
        0.04808867086,
        0.05014555386
      ],
      "exit_codes": [
        0,
        0,
        0,
        0,
        0,
        0,
        0,
        0,
        0,
        0,
        0,
        0,
        0,
        0,
        0,
        0,
        0,
        0,
        0,
        0,
        0,
        0,
        0,
        0,
        0,
        0,
        0,
        0,
        0,
        0,
        0,
        0,
        0,
        0,
        0,
        0,
        0,
        0,
        0,
        0,
        0,
        0,
        0,
        0,
        0,
        0,
        0,
        0,
        0,
        0,
        0,
        0,
        0,
        0,
        0,
        0,
        0,
        0,
        0,
        0,
        0,
        0,
        0,
        0,
        0,
        0,
        0,
        0,
        0,
        0,
        0
      ]
    }
  ]
}
