{
  "results": [
    {
      "command": "julia factorial.jl",
      "mean": 0.1882556004325,
      "stddev": 0.005471531172265988,
      "median": 0.18630618262,
      "user": 0.1305278125,
      "system": 0.0951112775,
      "min": 0.17906121362000002,
      "max": 0.19971923762000002,
      "times": [
        0.17906121362000002,
        0.18348334662000002,
        0.18522016162000002,
        0.18900399062,
        0.18709073062,
        0.18453150162,
        0.19354147462000001,
        0.19055639362000001,
        0.18391250262,
        0.19068301562,
        0.19971923762000002,
        0.18552163462000001,
        0.19623501762,
        0.18431233362000002,
        0.18530770862,
        0.19390934362
      ],
      "exit_codes": [
        0,
        0,
        0,
        0,
        0,
        0,
        0,
        0,
        0,
        0,
        0,
        0,
        0,
        0,
        0,
        0
      ]
    },
    {
      "command": "julia fibonacci.jl",
      "mean": 0.22721085708153843,
      "stddev": 0.03366091360437813,
      "median": 0.21823882362000002,
      "user": 0.14250119230769231,
      "system": 0.11359634000000002,
      "min": 0.19007582862,
      "max": 0.30440142762,
      "times": [
        0.21823882362000002,
        0.21887852062000002,
        0.21851844462,
        0.21600349062000002,
        0.23290205162000002,
        0.20913555262,
        0.25429163762,
        0.28152757762,
        0.30440142762,
        0.20716520362000002,
        0.20907888462000002,
        0.19352369862000002,
        0.19007582862
      ],
      "exit_codes": [
        0,
        0,
        0,
        0,
        0,
        0,
        0,
        0,
        0,
        0,
        0,
        0,
        0
      ]
    },
    {
      "command": "julia leibniz.jl",
      "mean": 0.42517117802,
      "stddev": 0.01251339550776726,
      "median": 0.42479815512,
      "user": 0.36665029999999993,
      "system": 0.17399044,
      "min": 0.40797487662000004,
      "max": 0.45222840462,
      "times": [
        0.45222840462,
        0.40797487662000004,
        0.43142580562000005,
        0.41464221262,
        0.42572193262,
        0.42653778562,
        0.42387437762,
        0.41602256862000003,
        0.43499666862,
        0.41828714762
      ],
      "exit_codes": [
        0,
        0,
        0,
        0,
        0,
        0,
        0,
        0,
        0,
        0
      ]
    }
  ]
}
