{
  "results": [
    {
      "command": "Rscript factorial.r",
      "mean": 0.21141914802000003,
      "stddev": 0.006308950592413909,
      "median": 0.21016813252000002,
      "user": 0.1743508942857143,
      "system": 0.03813044285714285,
      "min": 0.20459236852,
      "max": 0.22725022152000002,
      "times": [
        0.21177998452000002,
        0.22725022152000002,
        0.20739132352,
        0.20621226052000002,
        0.21012279052000002,
        0.21634140452,
        0.20684961352,
        0.20649532952000002,
        0.20703735052000002,
        0.21451900552000003,
        0.20459236852,
        0.21096940252000002,
        0.21021347452000003,
        0.22009354252000002
      ],
      "exit_codes": [
        0,
        0,
        0,
        0,
        0,
        0,
        0,
        0,
        0,
        0,
        0,
        0,
        0,
        0
      ]
    },
    {
      "command": "Rscript fibonacci.r",
      "mean": 0.36537285962,
      "stddev": 0.02131000708574169,
      "median": 0.35422313301999997,
      "user": 0.32189707999999995,
      "system": 0.04280060000000001,
      "min": 0.35127896752,
      "max": 0.41413238252,
      "times": [
        0.35127896752,
        0.35527212452,
        0.37131910852,
        0.41413238252,
        0.39087057952,
        0.35317414152,
        0.35148909552,
        0.35206413052,
        0.35129171952,
        0.36283634652
      ],
      "exit_codes": [
        0,
        0,
        0,
        0,
        0,
        0,
        0,
        0,
        0,
        0
      ]
    },
    {
      "command": "Rscript leibniz.r",
      "mean": 0.32660730152,
      "stddev": 0.030879701788337585,
      "median": 0.31866658652,
      "user": 0.27520297999999993,
      "system": 0.051177600000000004,
      "min": 0.28881750652,
      "max": 0.39373830452,
      "times": [
        0.33696077052,
        0.31173079452,
        0.32892927852,
        0.35981101851999997,
        0.31689963052,
        0.32043354252,
        0.39373830452,
        0.31109070652,
        0.28881750652,
        0.29766146252
      ],
      "exit_codes": [
        0,
        0,
        0,
        0,
        0,
        0,
        0,
        0,
        0,
        0
      ]
    }
  ]
}
